{
  "any_burn": {
    "train_selected_thr": {
      "threshold": 0.990625416047219,
      "tp": 65105,
      "fp": 3,
      "tn": 2812757,
      "fn": 109715,
      "accuracy": 0.963275293046546,
      "precision": 0.9999539227130306,
      "recall": 0.37241162338405215,
      "specificity": 0.9999989334319316,
      "f1": 0.5427044780100696,
      "balanced_accuracy": 0.6862052784079918,
      "roc_auc": 0.9364681198098497,
      "pr_auc": 0.6692351689156374,
      "support_pos": 174820,
      "support_total": 2987580
    },
    "test_selected_thr": {
      "threshold": 0.990625416047219,
      "tp": 249,
      "fp": 249,
      "tn": 818839,
      "fn": 783,
      "accuracy": 0.9987416475637712,
      "precision": 0.5,
      "recall": 0.24127906976744187,
      "specificity": 0.9996960033598343,
      "f1": 0.3254901960784314,
      "balanced_accuracy": 0.6204875365636381,
      "roc_auc": 0.8708580623399336,
      "pr_auc": 0.11503895942166815,
      "support_pos": 1032,
      "support_total": 820120
    },
    "train_baseline_0_5": {
      "threshold": 0.5,
      "tp": 87910,
      "fp": 35328,
      "tn": 2777432,
      "fn": 86910,
      "accuracy": 0.9590846102865864,
      "precision": 0.713335172592869,
      "recall": 0.5028600846585058,
      "specificity": 0.9874400944268263,
      "f1": 0.5898851901307799,
      "balanced_accuracy": 0.7451500895426661,
      "roc_auc": 0.9364681198098497,
      "pr_auc": 0.6692351689156374,
      "support_pos": 174820,
      "support_total": 2987580
    },
    "test_baseline_0_5": {
      "threshold": 0.5,
      "tp": 266,
      "fp": 1277,
      "tn": 817811,
      "fn": 766,
      "accuracy": 0.9975089011364191,
      "precision": 0.17239144523655217,
      "recall": 0.25775193798449614,
      "specificity": 0.9984409489578653,
      "f1": 0.20660194174757282,
      "balanced_accuracy": 0.6280964434711807,
      "roc_auc": 0.8708580623399336,
      "pr_auc": 0.11503895942166815,
      "support_pos": 1032,
      "support_total": 820120
    }
  },
  "ignition": {
    "train_selected_thr": {
      "threshold": 0.5,
      "tp": 249,
      "fp": 33409,
      "tn": 2953922,
      "fn": 0,
      "accuracy": 0.9888173705808715,
      "precision": 0.007397944025194604,
      "recall": 1.0,
      "specificity": 0.9888164384863947,
      "f1": 0.014687232724806088,
      "balanced_accuracy": 0.9944082192431973,
      "roc_auc": 0.9988985493772329,
      "pr_auc": 0.04714494509233932,
      "support_pos": 249,
      "support_total": 2987580
    },
    "test_selected_thr": {
      "threshold": 0.5,
      "tp": 0,
      "fp": 219,
      "tn": 819901,
      "fn": 0,
      "accuracy": 0.9997329659074282,
      "precision": 0.0,
      "recall": 0.0,
      "specificity": 0.9997329659074282,
      "f1": 0.0,
      "balanced_accuracy": 0.4998664829537141,
      "roc_auc": NaN,
      "pr_auc": 0.0,
      "support_pos": 0,
      "support_total": 820120
    },
    "train_baseline_0_5": {
      "threshold": 0.5,
      "tp": 249,
      "fp": 33409,
      "tn": 2953922,
      "fn": 0,
      "accuracy": 0.9888173705808715,
      "precision": 0.007397944025194604,
      "recall": 1.0,
      "specificity": 0.9888164384863947,
      "f1": 0.014687232724806088,
      "balanced_accuracy": 0.9944082192431973,
      "roc_auc": 0.9988985493772329,
      "pr_auc": 0.04714494509233932,
      "support_pos": 249,
      "support_total": 2987580
    },
    "test_baseline_0_5": {
      "threshold": 0.5,
      "tp": 0,
      "fp": 219,
      "tn": 819901,
      "fn": 0,
      "accuracy": 0.9997329659074282,
      "precision": 0.0,
      "recall": 0.0,
      "specificity": 0.9997329659074282,
      "f1": 0.0,
      "balanced_accuracy": 0.4998664829537141,
      "roc_auc": NaN,
      "pr_auc": 0.0,
      "support_pos": 0,
      "support_total": 820120
    }
  },
  "gaps_any_burn": {
    "roc_auc_gap": 0.0656100574699161,
    "pr_auc_gap": 0.5541962094939692,
    "f1_gap": 0.21721428193163822,
    "overfit_flag": true
  }
}